Name,Award,Gender,award year,award age,Birth Country,Birth Continent,award country,award continent
Jean Henry Dunant,Peace,M,1901,74,Switzerland,Europe,Switzerland,Europe
Frroperlandeac,Peace,M,1901,80,France,Europe,France,Europe
Sully Prudhomme,Literature,M,1901,63,France,Europe,France,Europe
Emil Adolf von Behring,Physiology or Medicine,M,1901,48,Poland,Europe,Germany,Europe
Jacobus Henricus van ysiolog,Chemistry,M,1901,50,Netherlands,Europe,Germany,Europe
Wilhelm Conrad Rin Che,Physics,M,1901,57,Germany,Europe,Germany,Europe
?lie Ducommun,Peace,M,1902,70,Switzerland,Europe,Switzerland,Europe
Charles Albert Gobat,Peace,M,1902,60,Switzerland,Europe,Switzerland,Europe
Christian Matthias Theodor Mommsen,Literature,M,1902,86,Germany,Europe,Germany,Europe
Ronald Ross,Physiology or Medicine,M,1902,46,India,Asia,United Kingdom,Europe
Hermann Emil Fischer,Chemistry,M,1902,51,Germany,Europe,Germany,Europe
Hendrik Antoon Lorentz,Physics,M,1902,50,Netherlands,Europe,Netherlands,Europe
Pieter Zeeman,Physics,M,1902,38,Netherlands,Europe,Netherlands,Europe
William Randal Cremer,Peace,M,1903,74,United Kingdom,Europe,United Kingdom,Europe
Bjrope Kingdome Prizeysicsryy ,Literature,M,1903,72,Norway,Europe,Norway,Europe
Niels Ryberg Finsen,Physiology or Medicine,M,1903,44,Denmark,Europe,Denmark,Europe
Svante August Arrhenius,Chemistry,M,1903,45,Sweden,Europe,Sweden,Europe
Antoine Henri Becquerel,Physics,M,1903,52,France,Europe,France,Europe
Pierre Curie,Physics,M,1903,45,France,Europe,France,Europe
Marie Curie,Physics,F,1903,37,Poland,Europe,France,Europe
Institut de droit international,Peace,Org,1904,32,Belgium,Europe,Belgium,Europe
Josopemel Peace Prizeernati,Literature,M,1904,73,Spain,Europe,Spain,Europe
Frropebel Prize ,Literature,M,1904,75,France,Europe,France,Europe
Ivan Petrovich Pavlov,Physiology or Medicine,M,1904,56,Russia,Europe,Russia,Europe
Sir William Ramsay,Chemistry,M,1904,53,Scotland,Europe,United Kingdom,Europe
Lord Rayleigh (John William Strutt),Physics,M,1904,63,United Kingdom,Europe,United Kingdom,Europe
Baroness Bertha Sophie Felicita von Suttner,Peace,F,1905,63,Czech,Europe,Austria,Europe
Henryk Sienkiewicz,Literature,M,1905,60,Poland,Europe,Poland,Europe
Robert Koch,Physiology or Medicine,M,1905,63,Germany,Europe,Germany,Europe
Johann Friedrich Wilhelm Adolf von Baeyer,Chemistry,M,1905,71,Germany,Europe,Germany,Europe
Philipp Eduard Anton von Lenard,Physics,M,1905,44,Slovakia,Europe,Germany,Europe
Theodore Roosevelt,Peace,M,1906,49,USA,North America,USA,North America
Giosu Americace,Literature,M,1906,72,Italy,Europe,Italy,Europe
Camillo Golgi,Physiology or Medicine,M,1906,64,Italy,Europe,Italy,Europe
Santiago Ramize in Phy,Physiology or Medicine,M,1906,55,Spain,Europe,Spain,Europe
Henri Moissan,Chemistry,M,1906,55,France,Europe,France,Europe
Joseph John Thomson,Physics,M,1906,51,United Kingdom,Europe,United Kingdom,Europe
Ernesto Teodoro Moneta,Peace,M,1907,75,Italy,Europe,Italy,Europe
Louis Renault,Peace,M,1907,65,France,Europe,France,Europe
Rudyard Kipling,Literature,M,1907,43,India,Asia,United Kingdom,Europe
Charles Louis Alphonse Laveran,Physiology or Medicine,M,1907,63,France,Europe,France,Europe
Eduard Buchner,Chemistry,M,1907,48,Germany,Europe,Germany,Europe
Albert Abraham Michelson,Physics,M,1907,56,USA,North America,USA,North America
Klas Pontus Arnoldson,Peace,M,1908,65,Sweden,Europe,Sweden,Europe
Fredrik Bajer,Peace,M,1908,72,Denmark,Europe,Denmark,Europe
Rudolf Christoph Eucken,Literature,M,1908,63,Germany,Europe,Germany,Europe
Ilya Ilyich Mechnikov,Physiology or Medicine,M,1908,64,Ukraine,Europe,France,Europe
Paul Ehrlich,Physiology or Medicine,M,1908,55,Poland,Europe,Germany,Europe
Ernest Rutherford,Chemistry,M,1908,38,New Zealand,Oceanian,United Kingdom,Europe
Gabriel Lippmann,Physics,M,1908,64,Luxembourg,Europe,France,Europe
Auguste Marie Fran Physicsryy or,Peace,M,1909,81,Belgium,Europe,Belgium,Europe
Paul Henri d'Estournelles de Constant,Peace,M,1909,58,France,Europe,France,Europe
Selma Ottilia Lovisa Lagerle ,Literature,M,1909,52,Sweden,Europe,Sweden,Europe
Emil Theodor Kocher,Physiology or Medicine,M,1909,69,Switzerland,Europe,Switzerland,Europe
Wilhelm Ostwald,Chemistry,M,1909,57,Latvia,Europe,Germany,Europe
Guglielmo Marconi,Physics,M,1909,36,Italy,Europe,United Kingdom,Europe
Karl Ferdinand Braun,Physics,M,1909,60,Germany,Europe,France,Europe
Bureau international permanent de la Paix,Peace,Org,1910,20,Switzerland,Europe,Switzerland,Europe
Paul Johann Ludwig Heyse,Literature,M,1910,81,Germany,Europe,Germany,Europe
Albrecht Kossel,Physiology or Medicine,M,1910,58,Germany,Europe,Germany,Europe
Otto Wallach,Chemistry,M,1910,64,Russia,Europe,Germany,Europe
Johannes Diderik van der Waals,Physics,M,1910,74,Netherlands,Europe,Netherlands,Europe
Tobias Michael Carel Asser,Peace,M,1911,74,Netherlands,Europe,Netherlands,Europe
Alfred Hermann Fried,Peace,M,1911,48,Austria,Europe,Austria,Europe
"
Count Maurice (Mooris) Polidore Marie Bernhard Maeterlinck",Literature,M,1911,50,Belgium,Europe,Belgium,Europe
Allvar Gullstrand,Physiology or Medicine,M,1911,50,Sweden,Europe,Sweden,Europe
Marie Curie,Chemistry,F,1911,45,Poland,Europe,France,Europe
Wilhelm Wien,Physics,M,1911,48,Russia,Europe,Germany,Europe
Elihu Root,Peace,M,1912,68,USA,North America,USA,North America
Gerhart Johann Robert Hauptmann,Literature,M,1912,51,Poland,Europe,Germany,Europe
Alexis Carrel,Physiology or Medicine,M,1912,40,France,Europe,USA,North America
Paul Sabatier,Chemistry,M,1912,59,France,Europe,France,Europe
Victor Grignard,Chemistry,M,1912,42,France,Europe,France,Europe
Nils Gustaf Dal i,Physics,M,1912,44,Sweden,Europe,Sweden,Europe
Henri La Fontaine,Peace,M,1913,60,Belgium,Europe,Belgium,Europe
Rabindranath Tagore,Literature,M,1913,53,India,Asia,India,Asia
Charles Robert Richet,Physiology or Medicine,M,1913,64,France,Europe,France,Europe
Alfred Werner,Chemistry,M,1913,48,France,Europe,Switzerland,Europe
Heike Kamerlingh Onnes,Physics,M,1913,61,Netherlands,Europe,Netherlands,Europe
Robert Bndsri,Physiology or Medicine,M,1914,39,Austria,Europe,Austria,Europe
Theodore William Richards,Chemistry,M,1914,47,USA,North America,USA,North America
Max von Laue,Physics,M,1914,36,Germany,Europe,Germany,Europe
Romain Rolland,Literature,M,1915,50,France,Europe,France,Europe
Richard Martin Willstterat,Chemistry,M,1915,44,Germany,Europe,Germany,Europe
Sir William Henry Bragg ,Physics,M,1915,54,United Kingdom,Europe,United Kingdom,Europe
William Lawrence Bragg,Physics,M,1915,26,Australia,Oceanian,United Kingdom,Europe
Carl Gustaf Verner von Heidenstam,Literature,M,1916,58,Sweden,Europe,Sweden,Europe
Comitebel Prize in LiteraturestamMedic,Peace,Org,1917,55,Switzerland,Europe,Switzerland,Europe
Henrik Pontoppidan,Literature,M,1917,61,Denmark,Europe,Denmark,Europe
Karl Adolph Gjellerup,Literature,M,1917,61,Denmark,Europe,Denmark,Europe
Charles Glover Barkla,Physics,M,1917,41,United Kingdom,Europe,United Kingdom,Europe
Fritz Haber,Chemistry,M,1918,51,Poland,Europe,Germany,Europe
Max Karl Ernst Ludwig Planck,Physics,M,1918,61,Germany,Europe,Germany,Europe
Thomas Woodrow Wilson,Peace,M,1919,64,United Kingdom,Europe,United Kingdom,Europe
Carl Friedrich Georg Spitteler,Literature,M,1919,75,Switzerland,Europe,Switzerland,Europe
Jules Bordet,Physiology or Medicine,M,1919,50,Belgium,Europe,Belgium,Europe
Johannes Stark,Physics,M,1919,46,Germany,Europe,Germany,Europe
Luropeyel Prize in Physicsogy,Peace,M,1920,70,France,Europe,France,Europe
Knut Pedersen Hamsun,Literature,M,1920,62,Norway,Europe,Norway,Europe
Schack August Steenberg Krogh,Physiology or Medicine,M,1920,47,Denmark,Europe,Denmark,Europe
Walther Hermann Nernst,Chemistry,M,1920,57,Poland,Europe,Germany,Europe
Charles Edouard Guillaume,Physics,M,1920,60,Switzerland,Europe,France,Europe
Karl Hjalmar Branting,Peace,M,1921,62,Sweden,Europe,Sweden,Europe
Christian Lous Lange,Peace,M,1921,53,Norway,Europe,Norway,Europe
Frederick Soddy,Chemistry,M,1921,42,United Kingdom,Europe,United Kingdom,Europe
Albert Einstein,Physics,M,1921,45,Germany,Europe,Germany,Europe
Fridtjof Nansen,Peace,M,1922,62,Norway,Europe,Norway,Europe
Jacinto Benavente,Literature,M,1922,57,Spain,Europe,Spain,Europe
Otto Fritz Meyerhof,Physiology or Medicine,M,1922,39,Germany,Europe,Germany,Europe
Archibald Vivian Hill,Physiology or Medicine,M,1922,37,United Kingdom,Europe,United Kingdom,Europe
Francis William Aston,Chemistry,M,1922,46,United Kingdom,Europe,United Kingdom,Europe
Niels Henrik David Bohr,Physics,M,1922,38,Denmark,Europe,Denmark,Europe
William Butler Yeats,Literature,M,1923,59,Ireland,Europe,Ireland,Europe
Frederick Grant Banting,Physiology or Medicine,M,1923,33,Canada,Europe,Canada,Europe
John James Rickard Macleod,Physiology or Medicine,M,1923,48,Scotland,Europe,Scotland,Europe
Fritz Pregl,Chemistry,M,1923,55,Slovenia,Europe,Austria,Europe
Robert Andrews Millikan,Physics,M,1923,56,USA,North America,USA,North America
Wladyslaw Stanislaw Reymont,Literature,M,1924,58,Poland,Europe,Poland,Europe
Willem Einthoven,Physiology or Medicine,M,1924,65,Indonesia,Asia,Netherlands,Europe
Karl Manne Georg Siegbahn,Physics,M,1924,39,Sweden,Europe,Sweden,Europe
Sir Austen Chamberlain,Peace,M,1925,63,United Kingdom,Europe,United Kingdom,Europe
Charles Gates Dawes,Peace,M,1925,61,USA,North America,USA,North America
George Bernard Shaw,Literature,M,1925,70,Ireland,Europe,United Kingdom,Europe
Richard Adolf Zsigmondy,Chemistry,M,1925,61,Austria,Europe,Germany,Europe
James Franck,Physics,M,1925,44,Germany,Europe,Germany,Europe
Gustav Ludwig Hertz,Physics,M,1925,39,Germany,Europe,Germany,Europe
Gustav Stresemann,Peace,M,1926,49,Germany,Europe,Germany,Europe
Aristide Briand,Peace,M,1926,65,France,Europe,France,Europe
Grazia Deledda,Literature,M,1926,56,Italy,Europe,Italy,Europe
Johannes Andreas Grib Fibiger,Physiology or Medicine,M,1926,60,Denmark,Europe,Denmark,Europe
The (Theodor) Svedberg,Chemistry,M,1926,43,Sweden,Europe,Sweden,Europe
Jean Baptiste Perrin,Physics,M,1926,57,France,Europe,France,Europe
Ferdinand Buisson,Peace,M,1927,87,France,Europe,France,Europe
Ludwig Quidde,Peace,M,1927,70,Germany,Europe,Germany,Europe
Henri Bergson,Literature,M,1927,69,France,Europe,France,Europe
Julius Wagner-Jauregg,Physiology or Medicine,M,1927,70,Austria,Europe,Austria,Europe
Heinrich Otto Wieland,Chemistry,M,1927,51,Germany,Europe,Germany,Europe
Charles Thomson Rees Wilson,Physics,M,1927,59,Scotland,Europe,Scotland,Europe
Arthur Holly Compton,Physics,M,1927,36,USA,North America,USA,North America
Sigrid Undset,Literature,F,1928,47,Denmark,Europe,Norway,Europe
Charles Jules Henri Nicolle,Physiology or Medicine,M,1928,63,France,Europe,France,Europe
Adolf Otto Reinhold Windaus,Chemistry,M,1928,53,Germany,Europe,Germany,Europe
Owen Willans Richardson,Physics,M,1928,50,United Kingdom,Europe,United Kingdom,Europe
Frank Billings Kellogg,Peace,M,1929,74,USA,North America,USA,North America
Thomas Mann,Literature,M,1929,55,Germany,Europe,Germany,Europe
Sir Frederick Gowland Hopkins,Physiology or Medicine,M,1929,69,United Kingdom,Europe,United Kingdom,Europe
Christiaan Eijkman,Physiology or Medicine,M,1929,72,Netherlands,Europe,Netherlands,Europe
Arthur Harden,Chemistry,M,1929,65,United Kingdom,Europe,United Kingdom,Europe
Hans Karl August Simon von Euler-Chelpin,Chemistry,M,1929,57,Germany,Europe,Sweden,Europe
Prince Louis-Victor Pierre Raymond de Broglie,Physics,M,1929,38,France,Europe,France,Europe
Lars Olof Jonathan (Nathan) Symond de,Peace,M,1930,65,Sweden,Europe,Sweden,Europe
Sinclair Lewis,Literature,M,1930,46,USA,North America,USA,North America
Karl Landsteiner,Physiology or Medicine,M,1930,63,Austria,Europe,USA,North America
Hans Fischer,Chemistry,M,1930,50,Germany,Europe,Germany,Europe
Sir Chandrasekhara Venkata Raman,Physics,M,1930,43,India,Asia,India,Asia
Jane Addams,Peace,F,1931,72,USA,North America,USA,North America
Nicholas Murray Butler,Peace,M,1931,70,USA,North America,USA,North America
Erik Axel Karlfeldt,Literature,M,1931,68,Sweden,Europe,Sweden,Europe
Otto Heinrich Warburg,Physiology or Medicine,M,1931,49,Germany,Europe,Germany,Europe
Carl Bosch,Chemistry,M,1931,58,Germany,Europe,Germany,Europe
Friedrich Bergius,Chemistry,M,1931,48,Poland,Europe,Germany,Europe
John Galsworthy,Literature,M,1932,66,United Kingdom,Europe,United Kingdom,Europe
Sir Charles Scott Sherrington,Physiology or Medicine,M,1932,76,United Kingdom,Europe,United Kingdom,Europe
Edgar Douglas Adrian,Physiology or Medicine,M,1932,44,United Kingdom,Europe,United Kingdom,Europe
Irving Langmuir,Chemistry,M,1932,52,USA,North America,USA,North America
Werner Karl Heisenberg,Physics,M,1932,32,Germany,Europe,Germany,Europe
Sir Norman Angell (Ralph Lane),Peace,M,1933,62,United Kingdom,Europe,United Kingdom,Europe
Ivan Alekseyevich Bunin,Literature,M,1933,63,Russia,Europe,France,Europe
Thomas Hunt Morgan,Physiology or Medicine,M,1933,68,USA,North America,USA,North America
Erwin Schricaze i,Physics,M,1933,47,Austria,Europe,Germany,Europe
Paul Adrien Maurice Dirac,Physics,M,1933,32,United Kingdom,Europe,United Kingdom,Europe
Arthur Henderson,Peace,M,1934,72,Scotland,Europe,United Kingdom,Europe
Luigi Pirandello,Literature,M,1934,68,Italy,Europe,Italy,Europe
George Hoyt Whipple,Physiology or Medicine,M,1934,57,USA,North America,USA,North America
George Richards Minot,Physiology or Medicine,M,1934,50,USA,North America,USA,North America
William Parry Murphy,Physiology or Medicine,M,1934,43,USA,North America,USA,North America
Harold Clayton Urey,Chemistry,M,1934,42,USA,North America,USA,North America
Carl von Ossietzky,Peace,M,1935,47,Germany,Europe,Germany,Europe
Hans Spemann,Physiology or Medicine,M,1935,67,Germany,Europe,Germany,Europe
Frropeyel Prize,Chemistry,M,1935,36,France,Europe,France,Europe
Irropebel Prize in,Chemistry,F,1935,39,France,Europe,France,Europe
James Chadwick,Physics,M,1935,45,United Kingdom,Europe,United Kingdom,Europe
Carlos Saavedra Lamas,Peace,M,1936,59,Argentina,South America,Argentina,South America
Eugene Gladstone Oizeysi,Literature,M,1936,49,USA,North America,USA,North America
Sir Henry Hallett Dale,Physiology or Medicine,M,1936,62,United Kingdom,Europe,United Kingdom,Europe
Otto Loewi,Physiology or Medicine,M,1936,64,Germany,Europe,Austria,Europe
Petrus (Peter) Josephus Wilhelmus Debye,Chemistry,M,1936,53,Netherlands,Europe,Germany,Europe
Carl David Anderson,Physics,M,1936,32,USA,North America,USA,North America
Victor Franz Hess,Physics,M,1936,54,Austria,Europe,Austria,Europe
"Cecil of Chelwood, Viscount (Lord Edgar Algernon Robert Gascoyne Cecil)",Peace,M,1937,74,United Kingdom,Europe,United Kingdom,Europe
Roger Martin du Gard,Literature,M,1937,56,France,Europe,France,Europe
Albert von Szent-GyLiteratureLord E,Physiology or Medicine,M,1937,45,Hungary,Europe,Hungary,Europe
Paul Karrer,Chemistry,M,1937,49,Russia,Europe,Switzerland,Europe
Walter Norman Haworth,Chemistry,M,1937,55,United Kingdom,Europe,United Kingdom,Europe
Clinton Joseph Davisson,Physics,M,1937,57,USA,North America,USA,North America
George Paget Thomson,Physics,M,1937,46,United Kingdom,Europe,United Kingdom,Europe
Office international Nansen pour les Rinelger,Peace,Org,1938,18,Switzerland,Europe,Switzerland,Europe
Pearl Buck,Literature,F,1938,47,USA,North America,USA,North America
Corneille Jean FranLiteratureou,Physiology or Medicine,M,1938,47,Belgium,Europe,Belgium,Europe
Richard Kuhn,Chemistry,M,1938,39,Austria,Europe,Germany,Europe
Enrico Fermi,Physics,M,1938,38,Italy,Europe,Italy,Europe
Frans Eemil SillanpPh,Literature,M,1939,52,Finland,Europe,Finland,Europe
Gerhard Domagk,Physiology or Medicine,M,1939,45,Poland,Europe,Germany,Europe
Leopold Ruzicka,Chemistry,M,1939,53,Croatia,Europe,Switzerland,Europe
Adolf Friedrich Johann Butenandt,Chemistry,M,1939,37,Germany,Europe,Germany,Europe
Ernest Orlando Lawrence,Physics,M,1939,39,USA,North America,USA,North America
Edward Adelbert Doisy,Physiology or Medicine,M,1943,51,USA,North America,USA,North America
Henrik Carl Peter Dam,Physiology or Medicine,M,1943,49,Denmark,Europe,Denmark,Europe
George de Hevesy,Chemistry,M,1943,59,Hungary,Europe,Sweden,Europe
Otto Stern,Physics,M,1943,56,Poland,Europe,USA,North America
Comit Americaze in Physicsryy or Medic,Peace,Org,1944,82,Switzerland,Europe,Switzerland,Europe
Johannes Vilhelm Jensen,Literature,M,1944,72,Denmark,Europe,Denmark,Europe
Joseph Erlanger,Physiology or Medicine,M,1944,71,USA,North America,USA,North America
Herbert Spencer Gasser,Physiology or Medicine,M,1944,57,USA,North America,USA,North America
Otto Hahn,Chemistry,M,1944,66,Germany,Europe,Germany,Europe
Isidor Isaac Rabi,Physics,M,1944,47,Poland,Europe,USA,North America
Cordell Hull,Peace,F,1945,75,USA,North America,USA,North America
Gabriela Mistral,Literature,M,1945,57,Chile,South America,Chile,South America
Sir Alexander Fleming,Physiology or Medicine,M,1945,65,Scotland,Europe,United Kingdom,Europe
Ernst Boris Chain,Physiology or Medicine,M,1945,40,Germany,Europe,United Kingdom,Europe
Sir Howard Walter Florey,Physiology or Medicine,M,1945,48,Australia,Oceanian,United Kingdom,Europe
Artturi Ilmari Virtanen,Chemistry,M,1945,51,Finland,Europe,Finland,Europe
Wolfgang Pauli,Physics,M,1945,45,Austria,Europe,USA,North America
John Raleigh Mott,Peace,M,1946,82,USA,North America,USA,North America
Emily Greene Balch,Peace,F,1946,80,USA,North America,USA,North America
Hermann Hesse,Literature,M,1946,70,Germany,Europe,Switzerland,Europe
Hermann Joseph Muller,Physiology or Medicine,M,1946,57,USA,North America,USA,North America
John Howard Northrop,Chemistry,M,1946,56,USA,North America,USA,North America
Wendell Meredith Stanley,Chemistry,M,1946,43,USA,North America,USA,North America
James Batcheller Sumner,Chemistry,M,1946,60,USA,North America,USA,North America
Percy Williams Bridgman,Physics,M,1946,64,USA,North America,USA,North America
American Friends Service Committee,Peace,Org,1947,31,USA,North America,USA,North America
Friends Service Council,Peace,Org,1947,301,United Kingdom,Europe,United Kingdom,Europe
Andrpe Kingdome Prizeile ,Literature,M,1947,79,France,Europe,France,Europe
Bernardo Alberto Houssay,Physiology or Medicine,M,1947,61,Argentina,South America,Argentina,South America
Carl Ferdinand Cori,Physiology or Medicine,M,1947,52,Czech,Europe,USA,North America
Gerty Theresa Cori,Physiology or Medicine,F,1947,52,Czechoslovakia,Europe,USA,North America
Sir Robert Robinson,Chemistry,M,1947,62,United Kingdom,Europe,United Kingdom,Europe
Sir Edward Victor Appleton,Physics,M,1947,56,United Kingdom,Europe,United Kingdom,Europe
Thomas Stearns Eliot,Literature,M,1948,61,USA,North America,United Kingdom,Europe
Paul Hermann Me in ,Physiology or Medicine,M,1948,50,Switzerland,Europe,Switzerland,Europe
Arne Wilhelm Kaurin Tiselius,Chemistry,M,1948,47,Sweden,Europe,Sweden,Europe
Patrick Maynard Stuart Blackett,Physics,M,1948,52,United Kingdom,Europe,United Kingdom,Europe
Lord (John) Boyd Orr of Brechin,Peace,M,1949,70,Scotland,North America,United Kingdom,Europe
William Faulkner,Literature,M,1949,53,USA,North America,USA,North America
Antonio Caetano de Abreu Freire Egas Moniz,Physiology or Medicine,M,1949,76,Portugal,Europe,Portugal,Europe
Walter Rudolf Hess,Physiology or Medicine,M,1949,69,Switzerland,Europe,Switzerland,Europe
William Francis Giauque,Chemistry,M,1949,55,Canada,North America,USA,North America
Hideki Yukawa,Physics,M,1949,43,Japan,Asia,USA,North America
Ralph Bunche,Peace,M,1950,47,USA,North America,USA,North America
Earl (Bertrand Arthur William) Russell,Literature,M,1950,79,United Kingdom,Europe,United Kingdom,Europe
Edward Calvin Kendall,Physiology or Medicine,M,1950,65,USA,North America,USA,North America
Tadeus Reichstein,Physiology or Medicine,M,1950,54,Poland,Europe,Switzerland,Europe
Philip Showalter Hench,Physiology or Medicine,M,1950,55,USA,North America,USA,North America
Otto Paul Hermann Diels,Chemistry,M,1950,75,Germany,Europe,Germany,Europe
Kurt Alder,Chemistry,M,1950,49,Poland,Europe,Germany,Europe
Cecil Frank Powell,Physics,M,1950,48,United Kingdom,Europe,United Kingdom,Europe
Lurope Kingd,Peace,M,1951,73,France,Europe,France,Europe
Puropebel Peace Prize,Literature,M,1951,61,Sweden,Europe,Sweden,Europe
Max Theiler,Physiology or Medicine,M,1951,53,South Africa,Africa,USA,North America
Edwin Mattison McMillan,Chemistry,M,1951,45,USA,North America,USA,North America
Glenn Theodore Seaborg,Chemistry,M,1951,40,USA,North America,USA,North America
Sir John Douglas Cockcroft,Physics,M,1951,55,United Kingdom,Europe,United Kingdom,Europe
Ernest Thomas Sinton Walton,Physics,M,1951,49,Ireland,Europe,Ireland,Europe
Albert Schweitzer,Peace,M,1952,78,France,Europe,France,Europe
Franpebel Peace ,Literature,M,1952,68,France,Europe,France,Europe
Selman Abraham Waksman,Physiology or Medicine,M,1952,65,Ukraine,Europe,USA,North America
Archer John Porter Martin,Chemistry,M,1952,43,United Kingdom,Europe,United Kingdom,Europe
Richard Laurence Millington Synge,Chemistry,M,1952,39,United Kingdom,Europe,United Kingdom,Europe
Felix Bloch,Physics,M,1952,48,Switzerland,Europe,USA,North America
Edward Mills Purcell,Physics,M,1952,41,USA,North America,USA,North America
George Catlett Marshall,Peace,M,1953,74,USA,North America,USA,North America
Sir Winston Leonard Spencer Churchill,Literature,M,1953,80,United Kingdom,Europe,United Kingdom,Europe
Fritz Albert Lipmann,Physiology or Medicine,M,1953,55,Russia,Europe,Russia,Europe
Hans Adolf Krebs,Physiology or Medicine,M,1953,53,Germany,Europe,United Kingdom,Europe
Hermann Staudinger,Chemistry,M,1953,73,Germany,Europe,Germany,Europe
Frits Zernike,Physics,M,1953,66,Netherlands,Europe,Netherlands,Europe
Office of the United Nations High Commissioner for Refugees,Peace,Org,1954,4,Switzerland,Europe,Switzerland,Europe
Ernest Miller Hemingway,Literature,M,1954,56,USA,North America,USA,North America
John Franklin Enders,Physiology or Medicine,M,1954,58,USA,North America,USA,North America
Thomas Huckle Weller,Physiology or Medicine,M,1954,40,USA,North America,USA,North America
Frederick Chapman Robbins,Physiology or Medicine,M,1954,39,USA,North America,USA,North America
Linus Carl Pauling,Chemistry,M,1954,54,USA,North America,USA,North America
Walther Bothe,Physics,M,1954,64,Germany,Europe,Germany,Europe
Max Born,Physics,M,1954,73,Poland,Europe,United Kingdom,Europe
Hallde Kingdome in Phy,Literature,M,1955,54,Iceland,Europe,Iceland,Europe
Axel Hugo Theodor Theorell,Physiology or Medicine,M,1955,53,Sweden,Europe,Sweden,Europe
Vincent du Vigneaud,Chemistry,M,1955,55,USA,North America,USA,North America
Polykarp Kusch,Physics,M,1955,45,France,Europe,USA,North America
Willis Eugene Lamb,Physics,M,1955,43,USA,North America,USA,North America
Juan Ramericaze in,Literature,M,1956,76,Spain,Europe,Puerto Rico,North America
Andrh Americaze in Lite,Physiology or Medicine,M,1956,62,France,Europe,USA,North America
Werner Forssmann,Physiology or Medicine,M,1956,53,Germany,Europe,Germany,Europe
Dickinson W. Richards,Physiology or Medicine,M,1956,62,USA,North America,USA,North America
Sir Cyril Norman Hinshelwood,Chemistry,M,1956,60,United Kingdom,Europe,United Kingdom,Europe
Nikolay Nikolaevich Semenov,Chemistry,M,1956,61,Russia,Europe,Russia,Europe
William Bradford Shockley,Physics,M,1956,47,United Kingdom,Europe,USA,North America
John Bardeen,Physics,M,1956,49,USA,North America,USA,North America
Walter Houser Brattain,Physics,M,1956,55,China,Asia,USA,North America
Lester Bowles Pearson,Peace,M,1957,61,Canada,North America,Canada,North America
Albert Camus,Literature,M,1957,45,Algeria,Europe,France,Europe
Daniel Bovet,Physiology or Medicine,M,1957,51,Switzerland,Europe,Italy,Europe
Lord (Alexander R.) Todd,Chemistry,M,1957,51,Scotland,Europe,United Kingdom,Europe
Chen Ning Yang,Physics,M,1957,36,China,Asia,USA,North America
Tsung-Dao (T.D.) Lee,Physics,M,1957,32,China,Asia,USA,North America
Georges Pire,Peace,M,1958,49,Belgium,Europe,Belgium,Europe
Boris Leonidovich Pasternak,Literature,M,1958,69,Russia,Europe,Russia,Europe
Joshua Lederberg,Physiology or Medicine,M,1958,34,USA,North America,USA,North America
George Wells Beadle,Physiology or Medicine,M,1958,56,USA,North America,USA,North America
Edward Lawrie Tatum,Physiology or Medicine,M,1958,50,USA,North America,USA,North America
Frederick Sanger,Chemistry,M,1958,41,United Kingdom,Europe,United Kingdom,Europe
Pavel Alekseyevich Cherenkov,Physics,M,1958,55,Russia,Europe,Russia,Europe
Ilropebel Prize in Physi,Physics,M,1958,51,Russia,Europe,Russia,Europe
Igor Yevgenyevich Tamm,Physics,M,1958,64,Russia,Europe,Russia,Europe
Philip J. Noel-Baker,Peace,M,1959,71,United Kingdom,Europe,United Kingdom,Europe
Salvatore Quasimodo,Literature,M,1959,59,Italy,Europe,Italy,Europe
Severo Ochoa,Physiology or Medicine,M,1959,55,Spain,Europe,USA,North America
Arthur Kornberg,Physiology or Medicine,M,1959,42,USA,North America,USA,North America
Jaroslav Heyrovsky,Chemistry,M,1959,70,Czech,Europe,Czechoslovakia,Europe
Emilio Gino Segri,Physics,M,1959,55,Italy,Europe,USA,North America
Owen Chamberlain,Physics,M,1959,40,USA,North America,USA,North America
Albert John Lutuli,Peace,M,1960,64,Zimbabwe,Africa,South Africa,Africa
Saint-John Perse,Literature,M,1960,74,Guadeloupe Island,North America,France,Europe
Sir Frank Macfarlane Burnet,Physiology or Medicine,M,1960,62,Australia,Oceanian,Australia,Oceanian
Peter Brian Medawar,Physiology or Medicine,M,1960,46,Brazil,South America,United Kingdom,Europe
Willard Frank Libby,Chemistry,M,1960,53,USA,North America,USA,North America
Donald Arthur Glaser,Physics,M,1960,35,USA,North America,USA,North America
Dag Hjalmar Agne Carl Hammarskjr M,Peace,M,1961,57,Sweden,Europe,Sweden,Europe
Ivo Andric,Literature,M,1961,70,Bosnia,Europe,Yugoslavia,Europe
Georg von Brize ,Physiology or Medicine,M,1961,63,USA,North America,USA,North America
Melvin Calvin,Chemistry,M,1961,51,USA,North America,USA,North America
Rudolf Ludwig M in Chem,Physics,M,1961,33,Germany,Europe,USA,North America
Robert Hofstadter,Physics,M,1961,47,USA,North America,USA,North America
Linus Carl Pauling,Peace,M,1962,62,USA,North America,USA,North America
John Steinbeck,Literature,M,1962,61,USA,North America,USA,North America
Francis Harry Compton Crick,Physiology or Medicine,M,1962,47,United Kingdom,Europe,United Kingdom,Europe
James Dewey Watson,Physiology or Medicine,M,1962,35,USA,North America,USA,North America
Maurice Hugh Frederick Wilkins,Physiology or Medicine,M,1962,47,New Zealand,Oceanian,United Kingdom,Europe
Max Ferdinand Perutz,Chemistry,M,1962,49,Austria,Europe,United Kingdom,Europe
John Cowdery Kendrew,Chemistry,M,1962,46,United Kingdom,Europe,United Kingdom,Europe
Lev Davidovich Landau,Physics,M,1962,55,Azerbaijan,Europe,Russia,Europe
Ligue des Socie in Physicsryy or Med,Peace,Org,1963,45,France,Europe,Switzerland,Europe
Comiterlandeace Prizeysicsryy or Medic,Peace,Org,1963,100,Switzerland,Europe,Switzerland,Europe
Giorgos Seferis,Literature,M,1963,64,Turkey,Asia,Greece,Europe
Sir John Carew Eccles,Physiology or Medicine,M,1963,61,Australia,Oceanian,Australia,Oceanian
Alan Lloyd Hodgkin,Physiology or Medicine,M,1963,50,United Kingdom,Europe,United Kingdom,Europe
Andrew Fielding Huxley,Physiology or Medicine,M,1963,47,United Kingdom,Europe,United Kingdom,Europe
Karl Ziegler,Chemistry,M,1963,66,Germany,Europe,Germany,Europe
Giulio Natta,Chemistry,M,1963,61,Italy,Europe,Italy,Europe
Maria Goeppert Mayer,Physics,F,1963,58,Poland,Europe,USA,North America
J. Hans D. Jensen,Physics,M,1963,57,Germany,Europe,Germany,Europe
Eugene Paul Wigner,Physics,M,1963,62,Hungary,Europe,USA,North America
Martin Luther King Jr.,Peace,M,1964,36,USA,North America,USA,North America
Jean-Paul Sartre,Literature,M,1964,60,France,Europe,France,Europe
Konrad Bloch,Physiology or Medicine,M,1964,53,Poland,Europe,USA,North America
Feodor Lynen,Physiology or Medicine,M,1964,54,Germany,Europe,Germany,Europe
Dorothy Crowfoot Hodgkin,Chemistry,F,1964,55,Egypt,Africa,United Kingdom,Europe
Charles Hard Townes,Physics,M,1964,50,USA,North America,USA,North America
Nicolay Gennadiyevich Basov,Physics,M,1964,43,Russia,Europe,Russia,Europe
Aleksandr Mikhailovich Prokhorov,Physics,M,1964,49,Australia,Oceanian,Russia,Europe
United Nations Childrenicskhor,Peace,Org,1965,20,USA,North America,USA,North America
Mikhail Aleksandrovich Sholokhov,Literature,M,1965,61,Russia,Europe,Russia,Europe
Franpebel Priz,Physiology or Medicine,M,1965,46,France,Europe,France,Europe
Andrpebel P,Physiology or Medicine,M,1965,64,France,Europe,France,Europe
Jacques Monod,Physiology or Medicine,M,1965,56,France,Europe,France,Europe
Robert Burns Woodward,Chemistry,M,1965,49,USA,North America,USA,North America
Sin-Itiro Tomonaga,Physics,M,1965,60,Japan,Asia,Japan,Asia
Julian Schwinger ,Physics,M,1965,48,USA,North America,USA,North America
Richard P. Feynman ,Physics,M,1965,48,USA,North America,USA,North America
Nelly Sachs,Literature,F,1966,76,Germany,Europe,Sweden,Europe
Shmuel Yosef Agnon,Literature,M,1966,79,Ukraine,Europe,Israel,Asia
Charles Brenton Huggins,Physiology or Medicine,M,1966,66,Canada,North America,USA,North America
Peyton Rous,Physiology or Medicine,M,1966,88,USA,North America,USA,North America
Robert S. Mulliken,Chemistry,M,1966,71,USA,North America,USA,North America
Alfred Kastler,Physics,M,1966,65,France,Europe,France,Europe
Miguel Angel Asturias,Literature,M,1967,69,Guatemala,North America,Guatemala,North America
Ragnar Granit,Physiology or Medicine,M,1967,68,Finland,Europe,Sweden,Europe
Haldan Keffer Hartline,Physiology or Medicine,M,1967,65,USA,North America,USA,North America
George Wald,Physiology or Medicine,M,1967,62,USA,North America,USA,North America
Manfred Eigen,Chemistry,M,1967,41,Germany,Europe,Germany,Europe
Ronald George Wreyford Norrish,Chemistry,M,1967,71,United Kingdom,Europe,United Kingdom,Europe
George Porter,Chemistry,M,1967,48,United Kingdom,Europe,United Kingdom,Europe
Hans Albrecht Bethe,Physics,M,1967,62,France,Europe,USA,North America
Renth Ameri,Peace,M,1968,82,France,Europe,France,Europe
Yasunari Kawabata,Literature,M,1968,70,Japan,Asia,Japan,Asia
Robert W. Holley,Physiology or Medicine,M,1968,47,USA,North America,USA,North America
Har Gobind Khorana,Physiology or Medicine,M,1968,47,India,Asia,USA,North America
Marshall W. Nirenberg,Physiology or Medicine,M,1968,42,USA,North America,USA,North America
Lars Onsager,Chemistry,M,1968,66,Norway,Europe,USA,North America
Luis Walter Alvarez,Physics,M,1968,58,USA,North America,USA,North America
Ragnar Frisch,Economic,M,1969,75,Norway,Europe,Norway,Europe
Jan Tinbergen,Economic,M,1969,67,Netherlands,Europe,Netherlands,Europe
International Labour Organization,Peace,Org,1969,51,Switzerland,Europe,Switzerland,Europe
Samuel Beckett,Literature,M,1969,64,Ireland,Europe,France,Europe
Max Delbr Pr,Physiology or Medicine,M,1969,64,Germany,Europe,USA,North America
Alfred D. Hershey,Physiology or Medicine,M,1969,62,USA,North America,USA,North America
Salvador E. Luria,Physiology or Medicine,M,1969,58,Italy,Europe,USA,North America
Derek H. R. Barton,Chemistry,M,1969,52,United Kingdom,Europe,United Kingdom,Europe
Odd Hassel,Chemistry,M,1969,73,Norway,Europe,Norway,Europe
Murray Gell-Mann,Physics,M,1969,41,USA,North America,USA,North America
Paul A. Samuelson,Economic,M,1970,56,USA,North America,USA,North America
Norman E. Borlaug,Peace,M,1970,57,USA,North America,USA,North America
Aleksandr Isayevich Solzhenitsyn,Literature,M,1970,53,Russia,Europe,Russia,Europe
Sir Bernard Katz,Physiology or Medicine,M,1970,60,Germany,Europe,United Kingdom,Europe
Ulf von Euler,Physiology or Medicine,M,1970,66,Sweden,Europe,Sweden,Europe
Julius Axelrod,Physiology or Medicine,M,1970,59,USA,North America,USA,North America
Luis F. Leloir,Chemistry,M,1970,65,France,Europe,Argentina,South America
Louis Eugricaze in Chem,Physics,M,1970,67,France,Europe,France,Europe
Hannes Olof Gze in Physi,Physics,M,1970,63,Sweden,Europe,Sweden,Europe
Simon Kuznets,Economic,M,1971,71,USA,North America,USA,North America
Willy Brandt,Peace,M,1971,59,Germany,Europe,Germany,Europe
Pablo Neruda,Literature,M,1971,68,Chile,South America,Chile,South America
"Earl W. Sutherland, Jr.",Physiology or Medicine,M,1971,57,USA,North America,USA,North America
Gerhard Herzberg,Chemistry,M,1971,68,Germany,Europe,Canada,North America
Dennis Gabor,Physics,M,1971,71,Hungary,Europe,United Kingdom,Europe
John R. Hicks,Economic,M,1972,69,United Kingdom,Europe,United Kingdom,Europe
Kenneth J. Arrow,Economic,M,1972,52,USA,North America,USA,North America
Heinrich Bica,Literature,M,1972,56,Germany,Europe,Germany,Europe
Gerald M. Edelman,Physiology or Medicine,M,1972,44,USA,North America,USA,North America
Rodney R. Porter,Physiology or Medicine,M,1972,56,United Kingdom,Europe,United Kingdom,Europe
Stanford Moore,Chemistry,M,1972,60,USA,North America,USA,North America
William H. Stein,Chemistry,M,1972,62,USA,North America,USA,North America
Christian B. Anfinsen,Chemistry,M,1972,57,USA,North America,USA,North America
John Bardeen,Physics,M,1972,65,USA,North America,USA,North America
Leon Neil Cooper,Physics,M,1972,43,USA,North America,USA,North America
John Robert Schrieffer,Physics,M,1972,42,USA,North America,USA,North America
Wassily Leontief,Economic,M,1973,68,Russia,Europe,USA,North America
Le Duc Tho,Peace,M,1973,63,Vietnam,Asia,Vietnam,Asia
Henry A. Kissinger,Peace,M,1973,51,Germany,Europe,Germany,Europe
Patrick White,Literature,M,1973,62,United Kingdom,Europe,Australia,Oceanian
Karl von Frisch,Physiology or Medicine,M,1973,87,Austria,Europe,Germany,Europe
Konrad Lorenz,Physiology or Medicine,M,1973,71,Austria,Europe,Austria,Europe
Nikolaas Tinbergen,Physiology or Medicine,M,1973,67,Netherlands,Europe,United Kingdom,Europe
Ernst Otto Fischer,Chemistry,M,1973,56,Germany,Europe,Germany,Europe
Geoffrey Wilkinson,Chemistry,M,1973,53,United Kingdom,Europe,United Kingdom,Europe
Leo Esaki,Physics,M,1973,49,Japan,Asia,USA,North America
Ivar Giaever,Physics,M,1973,45,Norway,Europe,USA,North America
Brian David Josephson,Physics,M,1973,34,United Kingdom,Europe,United Kingdom,Europe
Gunnar Myrdal,Economic,M,1974,77,Sweden,Europe,Sweden,Europe
Friedrich August von Hayek,Economic,M,1974,76,Austria,Europe,Austria,Europe
Eisaku Sato,Peace,M,1974,71,Japan,Asia,Japan,Asia
Seianobel Pea,Peace,M,1974,71,France,Europe,Ireland,Europe
Harry Martinson,Literature,M,1974,70,Sweden,Europe,Sweden,Europe
Eyvind Johnson,Literature,M,1974,74,Sweden,Europe,Sweden,Europe
Albert Claude,Physiology or Medicine,M,1974,76,Belgium,Europe,Belgium,Europe
Christian de Duve,Physiology or Medicine,M,1974,57,United Kingdom,Europe,Belgium,Europe
George E. Palade,Physiology or Medicine,M,1974,63,Romania,Europe,USA,North America
Paul J. Flory,Chemistry,M,1974,65,USA,North America,USA,North America
Sir Martin Ryle,Physics,M,1974,57,United Kingdom,Europe,United Kingdom,Europe
Antony Hewish,Physics,M,1974,51,United Kingdom,Europe,United Kingdom,Europe
Leonid Vitaliyevich Kantorovich,Economic,M,1975,64,Russia,Europe,Russia,Europe
Tjalling C. Koopmans,Economic,M,1975,66,Netherlands,Europe,USA,North America
Andrei Dmitrievich Sakharov,Peace,M,1975,55,Russia,Europe,Russia,Europe
Eugenio Montale,Literature,M,1975,80,Italy,Europe,Italy,Europe
David Baltimore,Physiology or Medicine,M,1975,38,USA,North America,USA,North America
Renato Dulbecco,Physiology or Medicine,M,1975,62,Italy,Europe,United Kingdom,Europe
Howard Martin Temin,Physiology or Medicine,M,1975,42,USA,North America,USA,North America
Vladimir Prelog,Chemistry,M,1975,70,Bosnia,Europe,Switzerland,Europe
John Warcup Cornforth,Chemistry,M,1975,59,Australia,Oceanian,United Kingdom,Europe
Aage Niels Bohr,Physics,M,1975,54,Denmark,Europe,Denmark,Europe
Ben Roy Mottelson,Physics,M,1975,50,USA,North America,Denmark,Europe
Leo James Rainwater,Physics,M,1975,59,USA,North America,USA,North America
Milton Friedman,Economic,M,1976,65,USA,North America,USA,North America
Mairead Corrigan,Peace,F,1976,33,Northern Ireland,Europe,United Kingdom,Europe
Betty Williams,Peace,F,1976,34,Northern Ireland,Europe,United Kingdom,Europe
Saul Bellow,Literature,M,1976,62,Canada,North America,USA,North America
Baruch S. Blumberg,Physiology or Medicine,M,1976,52,USA,North America,USA,North America
D. Carleton Gajdusek,Physiology or Medicine,M,1976,54,USA,North America,Norway,Europe
William N. Lipscomb,Chemistry,M,1976,58,USA,North America,USA,North America
Burton Richter,Physics,M,1976,46,USA,North America,USA,North America
Samuel Chao Chung Ting,Physics,M,1976,41,USA,North America,USA,North America
Bertil Ohlin,Economic,M,1977,79,Sweden,Europe,Sweden,Europe
James E. Meade,Economic,M,1977,71,United Kingdom,Europe,United Kingdom,Europe
Amnesty International,Peace,Org,1977,16,United Kingdom,Europe,United Kingdom,Europe
Vicente Aleixandre,Literature,M,1977,80,Spain,Europe,Spain,Europe
Rosalyn Yalow,Physiology or Medicine,F,1977,57,USA,North America,USA,North America
Roger Guillemin,Physiology or Medicine,M,1977,54,France,Europe,USA,North America
Andrew V. Schally,Physiology or Medicine,M,1977,52,Lithuania,Europe,USA,North America
Ilya Prigogine,Chemistry,M,1977,60,Russia,Europe,USA,North America
Philip Warren Anderson,Physics,M,1977,55,USA,North America,USA,North America
Sir Nevill Francis Mott,Physics,M,1977,72,United Kingdom,Europe,United Kingdom,Europe
John Hasbrouck van Vleck,Physics,M,1977,79,USA,North America,USA,North America
Herbert A. Simon,Economic,M,1978,63,USA,North America,USA,North America
Menachem Begin,Peace,M,1978,66,Belarus,Europe,Israel,Asia
Mohamed Anwar al-Sadat,Peace,M,1978,60,Egypt,Africa,Egypt,Africa
Isaac Bashevis Singer,Literature,M,1978,75,Poland,Europe,USA,North America
Werner Arber,Physiology or Medicine,M,1978,49,Switzerland,Europe,Switzerland,Europe
Daniel Nathans,Physiology or Medicine,M,1978,51,USA,North America,USA,North America
Hamilton O. Smith,Physiology or Medicine,M,1978,48,USA,North America,USA,North America
Peter D. Mitchell,Chemistry,M,1978,59,United Kingdom,Europe,United Kingdom,Europe
Arno Allan Penzias,Physics,M,1978,46,Germany,Europe,USA,North America
Robert Woodrow Wilson,Physics,M,1978,43,USA,North America,USA,North America
Pyotr Leonidovich Kapitsa,Physics,M,1978,85,Russia,Europe,Russia,Europe
Theodore W. Schultz,Economic,M,1979,78,USA,North America,USA,North America
Sir Arthur Lewis,Economic,M,1979,65,Saint Lucia,North America,USA,North America
Mother Teresa,Peace,M,1979,70,Republic of Macedonia,Europe,India,Asia
Odysseus Elytis,Literature,F,1979,69,Greece,Europe,Greece,Europe
Allan M. Cormack,Physiology or Medicine,M,1979,55,South Africa,Africa,USA,North America
Godfrey N. Hounsfield,Physiology or Medicine,F,1979,61,United Kingdom,Europe,United Kingdom,Europe
Herbert C. Brown,Chemistry,M,1979,68,United Kingdom,Europe,USA,North America
Georg Wittig,Chemistry,M,1979,83,Germany,Europe,Germany,Europe
Sheldon Lee Glashow,Physics,M,1979,48,USA,North America,USA,North America
Abdus Salam,Physics,M,1979,54,Pakistan,Asia,United Kingdom,Europe
Steven Weinberg,Physics,M,1979,47,USA,North America,USA,North America
Lawrence R. Klein,Economic,M,1980,61,USA,North America,USA,North America
Adolfo PericaRiksbank,Peace,M,1980,50,Argentina,South America,Argentina,South America
Czeslaw Milosz,Literature,M,1980,70,Lithuania,Europe,USA,North America
Baruj Benacerraf,Physiology or Medicine,M,1980,61,Venezuela,South America,USA,North America
Jean Dausset,Physiology or Medicine,M,1980,65,France,Europe,France,Europe
George D. Snell,Physiology or Medicine,M,1980,77,USA,North America,USA,North America
Walter Gilbert,Chemistry,M,1980,49,USA,North America,USA,North America
Frederick Sanger,Chemistry,M,1980,63,United Kingdom,Europe,United Kingdom,Europe
Paul Berg,Chemistry,M,1980,55,USA,North America,USA,North America
James Watson Cronin,Physics,M,1980,50,USA,North America,USA,North America
Val Logsdon Fitch,Physics,M,1980,58,USA,North America,USA,North America
James Tobin,Economic,M,1981,64,USA,North America,USA,North America
Office of the United Nations High Commissioner for Refugees,Peace,Org,1981,31,Switzerland,Europe,Switzerland,Europe
Elias Canetti,Literature,M,1981,77,Bulgaria,Europe,United Kingdom,Europe
David H. Hubel,Physiology or Medicine,M,1981,56,Canada,North America,USA,North America
Torsten N. Wiesel,Physiology or Medicine,M,1981,58,Sweden,Europe,USA,North America
Roger W. Sperry,Physiology or Medicine,M,1981,69,USA,North America,USA,North America
Kenichi Fukui ,Chemistry,M,1981,64,Japan,Asia,Japan,Asia
Roald Hoffmann,Chemistry,M,1981,45,Ukraine,Europe,USA,North America
Kai M. Siegbahn,Physics,M,1981,64,Sweden,Europe,Sweden,Europe
Nicolaas Bloembergen,Physics,M,1981,62,Netherlands,Europe,USA,North America
Arthur Leonard Schawlow,Physics,M,1981,61,USA,North America,USA,North America
George J. Stigler,Economic,M,1982,72,USA,North America,USA,North America
Alfonso GarcaRiksbank,Peace,M,1982,72,Mexico,South America,Switzerland,Europe
Alva Myrdal,Peace,F,1982,81,Sweden,Europe,Sweden,Europe
Gabriel Garcace Prize ,Literature,M,1982,56,Colombia,South America,Mexico,South America
Sune K. Bergstr i,Physiology or Medicine,M,1982,67,Sweden,Europe,Sweden,Europe
Bengt I. Samuelsson,Physiology or Medicine,M,1982,49,Sweden,Europe,Sweden,Europe
John R. Vane,Physiology or Medicine,M,1982,56,United Kingdom,Europe,United Kingdom,Europe
Aaron Klug,Chemistry,M,1982,57,Lithuania,Europe,United Kingdom,Europe
Kenneth G. Wilson,Physics,M,1982,47,USA,North America,USA,North America
Gerard Debreu,Economic,M,1983,63,France,Europe,USA,North America
Lech Walesa,Peace,M,1983,41,Poland,Europe,Poland,Europe
William Golding,Literature,M,1983,73,United Kingdom,Europe,United Kingdom,Europe
Barbara McClintock,Physiology or Medicine,F,1983,82,USA,North America,USA,North America
Henry Taube,Chemistry,M,1983,69,Canada,North America,USA,North America
William Alfred Fowler,Physics,M,1983,73,USA,North America,USA,North America
Subramanyan Chandrasekhar,Physics,M,1983,74,Pakistan,Asia,USA,North America
Richard Stone,Economic,M,1984,72,United Kingdom,Europe,United Kingdom,Europe
Desmond Mpilo Tutu,Peace,M,1984,54,South Africa,Africa,South Africa,Africa
Jaroslav Seifert,Literature,M,1984,84,Czech,Europe,Czechoslovakia,Europe
Niels K. Jerne,Physiology or Medicine,M,1984,74,United Kingdom,Europe,Switzerland,Europe
Georges J.F. Ke in ,Physiology or Medicine,M,1984,39,Germany,Europe,Switzerland,Europe
Curoperlandriz,Physiology or Medicine,M,1984,58,Argentina,South America,United Kingdom,Europe
Robert Bruce Merrifield,Chemistry,M,1984,64,USA,North America,USA,North America
Carlo Rubbia,Physics,M,1984,51,Italy,Europe,Switzerland,Europe
Simon van der Meer,Physics,M,1984,60,Netherlands,Europe,Switzerland,Europe
Franco Modigliani,Economic,M,1985,68,Italy,Europe,USA,North America
International Physicians for the Prevention of Nuclear War,Peace,Org,1985,6,USA,North America,USA,North America
Claude Simon,Literature,M,1985,73,Madagascar,Africa,France,Europe
Michael S. Brown,Physiology or Medicine,M,1985,45,USA,North America,USA,North America
Joseph L. Goldstein,Physiology or Medicine,M,1985,46,USA,North America,USA,North America
Herbert A. Hauptman,Chemistry,M,1985,69,USA,North America,USA,North America
Jerome Karle,Chemistry,M,1985,68,USA,North America,USA,North America
Klaus von Klitzing,Physics,M,1985,43,Poland,Europe,Germany,Europe
James M. Buchanan Jr.,Economic,M,1986,68,USA,North America,USA,North America
Elie Wiesel,Peace,M,1986,59,USA,North America,USA,North America
Wole Soyinka,Literature,M,1986,53,Nigeria,Africa,Nigeria,Africa
Stanley Cohen,Physiology or Medicine,M,1986,65,USA,North America,USA,North America
Rita Levi-Montalcini,Physiology or Medicine,F,1986,78,Italy,Europe,Italy,Europe
Dudley R. Herschbach,Chemistry,M,1986,55,USA,North America,USA,North America
Yuan T. Lee,Chemistry,M,1986,51,Taiwan,Asia,USA,North America
John C. Polanyi,Chemistry,M,1986,58,Germany,Europe,Canada,North America
Gerd Binnig,Physics,M,1986,40,Germany,Europe,Switzerland,Europe
Heinrich Rohrer,Physics,M,1986,54,Switzerland,Europe,Switzerland,Europe
Ernst Ruska,Physics,M,1986,81,Germany,Europe,Germany,Europe
Robert M. Solow,Economic,M,1987,64,USA,North America,USA,North America
Oscar Arias SRiksba,Peace,M,1987,48,Costa Rica,South America,Costa Rica,South America
Joseph Brodsky,Literature,M,1987,48,Russia,Europe,USA,North America
Susumu Tonegawa,Physiology or Medicine,M,1987,49,Japan,Asia,USA,North America
Donald J. Cram,Chemistry,M,1987,69,USA,North America,USA,North America
Jean-Marie Lehn,Chemistry,M,1987,49,France,Europe,France,Europe
Charles J. Pedersen,Chemistry,M,1987,84,South Korea,Asia,USA,North America
J. Georg Bednorz,Physics,M,1987,38,Germany,Europe,Switzerland,Europe
K. Alexander Me in ,Physics,M,1987,61,Switzerland,Europe,Switzerland,Europe
Maurice Allais,Economic,M,1988,78,France,Europe,France,Europe
United Nations Peacekeeping Forces,Peace,Org,1988,41,USA,North America,USA,North America
Naguib Mahfouz,Literature,M,1988,78,Egypt,Africa,Egypt,Africa
Sir James W. Black,Physiology or Medicine,M,1988,65,Scotland,Europe,United Kingdom,Europe
Gertrude B. Elion,Physiology or Medicine,F,1988,71,USA,North America,USA,North America
George H. Hitchings,Physiology or Medicine,M,1988,84,USA,North America,USA,North America
Johann Deisenhofer,Chemistry,M,1988,46,Germany,Europe,USA,North America
Robert Huber,Chemistry,M,1988,52,Germany,Europe,Germany,Europe
Hartmut Michel,Chemistry,M,1988,41,Germany,Europe,Germany,Europe
Leon M. Lederman,Physics,M,1988,67,USA,North America,USA,North America
Melvin Schwartz,Physics,M,1988,57,USA,North America,USA,North America
Jack Steinberger,Physics,M,1988,68,Germany,Europe,Switzerland,Europe
Trygve Haavelmo,Economic,M,1989,79,Norway,Europe,Norway,Europe
The 14th Dalai Lama,Peace,M,1989,55,China,Asia,India,Asia
Camilo JosPeace ,Literature,M,1989,74,Spain,Europe,Spain,Europe
J. Michael Bishop,Physiology or Medicine,M,1989,54,USA,North America,USA,North America
Harold E. Varmus,Physiology or Medicine,M,1989,51,USA,North America,USA,North America
Sidney Altman,Chemistry,M,1989,51,Canada,North America,USA,North America
Thomas R. Cech,Chemistry,M,1989,43,USA,North America,USA,North America
Hans G. Dehmelt,Physics,M,1989,68,USA,North America,USA,North America
Wolfgang Paul,Physics,M,1989,77,Germany,Europe,Germany,Europe
Norman F. Ramsey,Physics,M,1989,75,USA,North America,USA,North America
Harry M. Markowitz,Economic,M,1990,64,USA,North America,USA,North America
Merton H. Miller,Economic,M,1990,69,USA,North America,USA,North America
William F. Sharpe,Economic,M,1990,57,USA,North America,USA,North America
Mikhail Sergeyevich Gorbachev,Peace,M,1990,60,Russia,Europe,Russia,Europe
Octavio Paz,Literature,M,1990,77,Mexico,South America,Mexico,South America
Joseph E. Murray,Physiology or Medicine,M,1990,77,USA,North America,USA,North America
E. Donnall Thomas,Physiology or Medicine,M,1990,71,USA,North America,USA,North America
Elias James Corey,Chemistry,M,1990,63,USA,North America,USA,North America
Jerome I. Friedman,Physics,M,1990,61,USA,North America,USA,North America
Henry W. Kendall,Physics,M,1990,65,USA,North America,USA,North America
Richard E. Taylor,Physics,M,1990,62,Canada,North America,USA,North America
Ronald H. Coase,Economic,M,1991,82,United Kingdom,Europe,USA,North America
Aung San Suu Kyi,Peace,F,1991,47,Myanmar,Asia,Myanmar,Asia
Nadine Gordimer,Literature,F,1991,69,South Africa,Africa,South Africa,Africa
Erwin Neher,Physiology or Medicine,M,1991,48,Germany,Europe,Germany,Europe
Bert Sakmann,Physiology or Medicine,M,1991,50,Germany,Europe,Germany,Europe
Richard R. Ernst,Chemistry,M,1991,59,Switzerland,Europe,Switzerland,Europe
Pierre-Gilles de Gennes,Physics,M,1991,60,France,Europe,France,Europe
Gary S. Becker,Economic,M,1992,63,USA,North America,USA,North America
Rigoberta Menchksban,Peace,F,1992,34,Guatemala,North America,Guatemala,North America
Derek Walcott,Literature,M,1992,63,Saint Lucia,North America,Saint Lucia,North America
Edmond H. Fischer,Physiology or Medicine,M,1992,73,China,Asia,USA,North America
Edwin G. Krebs,Physiology or Medicine,M,1992,75,USA,North America,USA,North America
Rudolph A. Marcus,Chemistry,M,1992,70,Canada,North America,USA,North America
Georges Charpak,Physics,M,1992,69,Poland,Europe,Switzerland,Europe
Robert W. Fogel,Economic,M,1993,67,USA,North America,USA,North America
Douglass C. North,Economic,M,1993,74,USA,North America,USA,North America
Nelson Mandela,Peace,M,1993,76,South Africa,Africa,South Africa,Africa
Frederik Willem de Klerk,Peace,M,1993,58,South Africa,Africa,South Africa,Africa
Toni Morrison,Literature,F,1993,63,USA,North America,USA,North America
Richard J. Roberts,Physiology or Medicine,M,1993,51,United Kingdom,Europe,USA,North America
Phillip A. Sharp,Physiology or Medicine,M,1993,50,USA,North America,USA,North America
Michael Smith,Chemistry,M,1993,62,United Kingdom,Europe,Canada,North America
Kary B. Mullis,Chemistry,M,1993,50,USA,North America,USA,North America
Russell A. Hulse,Physics,M,1993,44,USA,North America,USA,North America
Joseph H. Taylor Jr.,Physics,M,1993,53,USA,North America,USA,North America
John C. Harsanyi,Economic,M,1994,75,Hungary,Europe,USA,North America
John F. Nash Jr.,Economic,M,1994,67,USA,North America,USA,North America
Reinhard Selten,Economic,M,1994,65,Poland,Europe,Germany,Europe
Yasser Arafat,Peace,M,1994,66,Egypt,Africa,Palestine,Asia
Shimon Peres,Peace,M,1994,71,Belarus,Europe,Israel,Asia
Yitzhak Rabin,Peace,M,1994,73,Israel,Asia,Israel,Asia
Kenzaburo Oe,Literature,M,1994,60,Japan,Asia,Japan,Asia
Alfred G. Gilman,Physiology or Medicine,M,1994,54,USA,North America,USA,North America
Martin Rodbell,Physiology or Medicine,M,1994,70,USA,North America,USA,North America
George A. Olah,Chemistry,M,1994,68,Hungary,Europe,USA,North America
Clifford G. Shull,Physics,M,1994,80,USA,North America,USA,North America
Bertram N. Brockhouse,Physics,M,1994,77,Canada,North America,Canada,North America
Robert E. Lucas Jr.,Economic,M,1995,59,USA,North America,USA,North America
Joseph Rotblat,Peace,M,1995,88,Poland,Europe,United Kingdom,Europe
Pugwash Conferences on Science and World Affairs,Peace,Org,1995,39,Canada,North America,Canada,North America
Seamus Heaney,Literature,M,1995,57,Northern Ireland,Europe,Ireland,Europe
Edward B. Lewis,Physiology or Medicine,M,1995,78,USA,North America,USA,North America
Christiane Naze in Physiol,Physiology or Medicine,M,1995,54,Germany,Europe,Germany,Europe
Eric F. Wieschaus,Physiology or Medicine,M,1995,49,USA,North America,USA,North America
Paul J. Crutzen,Chemistry,M,1995,63,Netherlands,Europe,Germany,Europe
Mario J. Molina,Chemistry,M,1995,53,Mexico,South America,USA,North America
F. Sherwood Rowland,Chemistry,M,1995,69,USA,North America,USA,North America
Frederick Reines,Physics,M,1995,78,USA,North America,USA,North America
Martin L. Perl,Physics,M,1995,69,USA,North America,USA,North America
James A. Mirrlees,Economic,M,1996,61,United Kingdom,Europe,United Kingdom,Europe
William Vickrey,Economic,M,1996,83,Canada,North America,USA,North America
Carlos Filipe Ximenes Belo,Peace,M,1996,49,East Timor,Asia,East Timor,Asia
Josa TimorPeace ,Peace,M,1996,48,East Timor,Asia,East Timor,Asia
Wislawa Szymborska,Literature,F,1996,74,Poland,Europe,Poland,Europe
Peter C. Doherty,Physiology or Medicine,M,1996,57,Australia,Oceanian,USA,North America
Rolf M. Zinkernagel,Physiology or Medicine,M,1996,53,Switzerland,Europe,Switzerland,Europe
Robert F. Curl Jr.,Chemistry,M,1996,64,USA,North America,USA,North America
Sir Harold W. Kroto,Chemistry,M,1996,58,United Kingdom,Europe,United Kingdom,Europe
Richard E. Smalley,Chemistry,M,1996,54,USA,North America,USA,North America
David M. Lee,Physics,M,1996,66,USA,North America,USA,North America
Douglas D. Osheroff,Physics,M,1996,52,USA,North America,USA,North America
Robert C. Richardson,Physics,M,1996,60,USA,North America,USA,North America
Robert C. Merton,Economic,M,1997,54,USA,North America,USA,North America
Myron S. Scholes,Economic,M,1997,57,Canada,North America,USA,North America
International Campaign to Ban Landmines,Peace,Org,1997,6,USA,North America,USA,North America
Jody Williams,Peace,F,1997,48,USA,North America,USA,North America
Dario Fo,Literature,M,1997,72,Italy,Europe,Italy,Europe
Stanley B. Prusiner,Physiology or Medicine,M,1997,56,USA,North America,USA,North America
Jens C. Skou,Chemistry,M,1997,80,Denmark,Europe,Denmark,Europe
Paul D. Boyer,Chemistry,M,1997,80,USA,North America,USA,North America
John E. Walker,Chemistry,M,1997,57,United Kingdom,Europe,United Kingdom,Europe
Steven Chu,Physics,M,1997,47,USA,North America,USA,North America
Claude Cohen-Tannoudji,Physics,M,1997,65,Algeria,Africa,France,Europe
William D. Phillips,Physics,M,1997,50,USA,North America,USA,North America
Amartya Sen,Economic,M,1998,66,India,Asia,United Kingdom,Europe
John Hume,Peace,M,1998,62,Northern Ireland,Europe,United Kingdom,Europe
David Trimble,Peace,M,1998,55,Northern Ireland,Europe,United Kingdom,Europe
Josope Kingdo,Literature,M,1998,77,Portugal,Europe,Portugal,Europe
Robert F. Furchgott,Physiology or Medicine,M,1998,83,USA,North America,USA,North America
Louis J. Ignarro,Physiology or Medicine,M,1998,58,USA,North America,USA,North America
Ferid Murad,Physiology or Medicine,M,1998,63,USA,North America,USA,North America
John A. Pople,Chemistry,M,1998,74,United Kingdom,Europe,USA,North America
Walter Kohn,Chemistry,M,1998,76,Austria,Europe,USA,North America
Robert B. Laughlin,Physics,M,1998,49,USA,North America,USA,North America
Horst L. Stcaze ,Physics,M,1998,50,Germany,Europe,USA,North America
Daniel C. Tsui,Physics,M,1998,60,China,Asia,USA,North America
Robert A. Mundell,Economic,M,1999,68,Canada,North America,USA,North America
Morth AmericaRiksbank Pr,Peace,Org,1999,29,France,Europe,Switzerland,Europe
Guroperlande,Literature,M,1999,73,Poland,Europe,Germany,Europe
Guropeyel Pri,Physiology or Medicine,M,1999,64,Poland,Europe,USA,North America
Ahmed H. Zewail,Chemistry,M,1999,54,Egypt,Africa,USA,North America
Gerardus ricaze i,Physics,M,1999,54,Netherlands,Europe,Netherlands,Europe
Martinus J.G. Veltman,Physics,M,1999,69,Netherlands,Europe,USA,North America
Daniel L. McFadden,Economic,M,2000,64,USA,North America,USA,North America
James J. Heckman,Economic,M,2000,57,USA,North America,USA,North America
Kim Dae-jung,Peace,M,2000,76,South Korea,Asia,South Korea,Asia
Gao Xingjian,Literature,M,2000,61,China,Asia,France,Europe
Arvid Carlsson,Physiology or Medicine,M,2000,78,Sweden,Europe,Sweden,Europe
Paul Greengard,Physiology or Medicine,M,2000,76,USA,North America,USA,North America
Eric R. Kandel,Physiology or Medicine,M,2000,72,Austria,Europe,USA,North America
Alan J. Heeger,Chemistry,M,2000,65,USA,North America,USA,North America
Alan G. MacDiarmid,Chemistry,M,2000,74,New Zealand,Oceanian,USA,North America
Hideki Shirakawa,Chemistry,M,2000,65,Japan,Asia,Japan,Asia
Zhores I. Alferov,Physics,M,2000,71,Belarus,Europe,Russia,Europe
Herbert Kroemer,Physics,M,2000,73,Germany,Europe,USA,North America
Jack S. Kilby,Physics,M,2000,78,USA,North America,USA,North America
George A. Akerlof,Economic,M,2001,63,USA,North America,USA,North America
A. Michael Spence,Economic,M,2001,60,USA,North America,USA,North America
Joseph E. Stiglitz,Economic,M,2001,59,USA,North America,USA,North America
United Nations,Peace,Org,2001,57,USA,North America,USA,North America
Kofi Annan,Peace,M,2001,64,Ghana,Africa,Ghana,Africa
Sir Vidiadhar Surajprasad Naipaul,Literature,M,2001,70,Trinidad and Tobago,South America,United Kingdom,Europe
Leland H. Hartwell,Physiology or Medicine,M,2001,63,USA,North America,USA,North America
Tim Hunt,Physiology or Medicine,M,2001,59,United Kingdom,Europe,United Kingdom,Europe
Sir Paul M. Nurse,Physiology or Medicine,M,2001,53,United Kingdom,Europe,United Kingdom,Europe
K. Barry Sharpless,Chemistry,M,2001,61,USA,North America,USA,North America
William S. Knowles,Chemistry,M,2001,85,USA,North America,USA,North America
Ryoji Noyori,Chemistry,M,2001,64,Japan,Asia,Japan,Asia
Eric A. Cornell,Physics,M,2001,41,USA,North America,USA,North America
Wolfgang Ketterle,Physics,M,2001,45,Germany,Europe,USA,North America
Carl E. Wieman,Physics,M,2001,51,USA,North America,USA,North America
Vernon L. Smith,Economic,M,2002,76,USA,North America,USA,North America
Daniel Kahneman,Economic,M,2002,69,Israel,Asia,USA,North America
Jimmy Carter,Peace,M,2002,79,USA,North America,USA,North America
Imre Kertric,Literature,M,2002,74,Hungary,Europe,Hungary,Europe
Sydney Brenner,Physiology or Medicine,M,2002,76,South Africa,Africa,USA,North America
H. Robert Horvitz,Physiology or Medicine,M,2002,56,USA,North America,USA,North America
John E. Sulston,Physiology or Medicine,M,2002,61,United Kingdom,Europe,United Kingdom,Europe
Kurt W Kingdo,Chemistry,M,2002,65,Switzerland,Europe,USA,North America
John B. Fenn,Chemistry,M,2002,86,USA,North America,USA,North America
Koichi Tanaka,Chemistry,M,2002,43,Japan,Asia,Japan,Asia
Riccardo Giacconi,Physics,M,2002,72,Italy,Europe,USA,North America
Raymond Davis Jr.,Physics,M,2002,89,USA,North America,USA,North America
Masatoshi Koshiba,Physics,M,2002,77,Japan,Asia,Japan,Asia
Clive W.J. Granger,Economic,M,2003,70,United Kingdom,Europe,USA,North America
Robert F. Engle III,Economic,M,2003,62,USA,North America,USA,North America
Shirin Ebadi,Peace,F,2003,57,Iran,Asia,Iran,Asia
John M. Coetzee,Literature,M,2003,64,South Africa,Africa,South Africa,Africa
Paul C. Lauterbur,Physiology or Medicine,M,2003,75,USA,North America,USA,North America
Sir Peter Mansfield,Physiology or Medicine,M,2003,71,United Kingdom,Europe,United Kingdom,Europe
Roderick MacKinnon,Chemistry,M,2003,48,USA,North America,USA,North America
Peter Agre,Chemistry,M,2003,55,USA,North America,USA,North America
Alexei A. Abrikosov,Physics,M,2003,76,Russia,Europe,USA,North America
Vitaly L. Ginzburg,Physics,M,2003,88,Russia,Europe,Russia,Europe
Anthony J. Leggett,Physics,M,2003,66,United Kingdom,Europe,USA,North America
Finn E. Kydland,Economic,M,2004,62,Norway,Europe,USA,North America
Edward C. Prescott,Economic,M,2004,65,USA,North America,USA,North America
Wangari Muta Maathai,Peace,F,2004,65,Kenya,Africa,Kenya,Africa
Elfriede Jelinek,Literature,F,2004,59,Austria,Europe,Austria,Europe
Richard Axel,Physiology or Medicine,M,2004,59,USA,North America,USA,North America
Linda B. Buck,Physiology or Medicine,F,2004,58,USA,North America,USA,North America
Aaron Ciechanover,Chemistry,M,2004,58,Israel,Asia,Israel,Asia
Avram Hershko,Chemistry,M,2004,68,Hungary,Europe,Israel,Asia
Irwin Rose,Chemistry,M,2004,79,USA,North America,USA,North America
David J. Gross,Physics,M,2004,64,USA,North America,USA,North America
H. David Politzer,Physics,M,2004,56,USA,North America,USA,North America
Frank Wilczek,Physics,M,2004,54,USA,North America,USA,North America
Robert J. Aumann,Economic,M,2005,76,Germany,Europe,Israel,Asia
Thomas C. Schelling,Economic,M,2005,85,USA,North America,USA,North America
International Atomic Energy Agency,Peace,Org,2005,49,Austria,Europe,Austria,Europe
Mohamed ElBaradei,Peace,M,2005,64,Egypt,Africa,Egypt,Africa
Harold Pinter,Literature,M,2005,76,United Kingdom,Europe,United Kingdom,Europe
Barry J. Marshall,Physiology or Medicine,M,2005,55,Australia,Oceanian,Australia,Oceanian
J. Robin Warren,Physiology or Medicine,M,2005,69,Australia,Oceanian,Australia,Oceanian
Yves Chauvin,Chemistry,M,2005,76,Belgium,Europe,France,Europe
Robert H. Grubbs,Chemistry,M,2005,64,USA,North America,USA,North America
Richard R. Schrock,Chemistry,M,2005,61,USA,North America,USA,North America
John L. Hall,Physics,M,2005,72,USA,North America,USA,North America
Theodor W. Haze i,Physics,M,2005,65,Germany,Europe,Germany,Europe
Roy J. Glauber,Physics,M,2005,81,USA,North America,USA,North America
Edmund S. Phelps,Economic,M,2006,74,USA,North America,USA,North America
Muhammad Yunus,Peace,M,2006,67,Bangladesh,Asia,Bangladesh,Asia
Grameen Bank,Peace,Org,2006,31,Bangladesh,Asia,Bangladesh,Asia
Orhan Pamuk,Literature,M,2006,55,Turkey,Europe,Turkey,Europe
Andrew Z. Fire,Physiology or Medicine,M,2006,48,USA,North America,USA,North America
Craig C. Mello,Physiology or Medicine,M,2006,47,USA,North America,USA,North America
Roger D. Kornberg,Chemistry,M,2006,60,USA,North America,USA,North America
John C. Mathe,Physics,M,2006,61,USA,North America,USA,North America
George F. Smoot,Physics,M,2006,62,USA,North America,USA,North America
Leonid Hurwicz,Economic,M,2007,91,Russia,Europe,USA,North America
Eric S. Maskin,Economic,M,2007,57,USA,North America,USA,North America
Roger B. Myerson,Economic,M,2007,57,USA,North America,USA,North America
Intergovernmental Panel on Climate Change,Peace,Org,2007,20,USA,North America,Switzerland,Europe
Albert Arnold (Al) Gore Jr.,Peace,M,2007,60,USA,North America,USA,North America
Doris Lessing,Literature,F,2007,89,Iran,Asia,United Kingdom,Europe
Mario R. Capecchi,Physiology or Medicine,M,2007,71,Italy,Europe,USA,North America
Sir Martin J. Evans,Physiology or Medicine,M,2007,67,United Kingdom,Europe,United Kingdom,Europe
Oliver Smithies,Physiology or Medicine,M,2007,83,United Kingdom,Europe,USA,North America
Gerhard Ertl,Chemistry,M,2007,72,Germany,Europe,Germany,Europe
Albert Fer,Physics,M,2007,70,France,Europe,France,Europe
Peter Grl Priz,Physics,M,2007,69,Czech,Europe,Germany,Europe
Paul Krugman,Economic,M,2008,56,USA,North America,USA,North America
Martti Ahtisaari,Peace,M,2008,73,Finland,Europe,Finland,Europe
Jean-Marie Gustave Le Clize ,Literature,M,2008,69,France,Europe,Mauritius,Africa
Francaius Prize in Liter,Physiology or Medicine,F,2008,62,France,Europe,France,Europe
Luc Montagnier,Physiology or Medicine,M,2008,77,France,Europe,France,Europe
Harald zur Hausen,Physiology or Medicine,M,2008,73,Germany,Europe,Germany,Europe
Osamu Shimomura,Chemistry,M,2008,81,Japan,Asia,USA,North America
Martin Chalfie,Chemistry,M,2008,62,USA,North America,USA,North America
Roger Y. Tsien,Chemistry,M,2008,57,USA,North America,USA,North America
Makoto Kobayashi,Physics,M,2008,65,Japan,Asia,Japan,Asia
Toshihide Maskawa,Physics,M,2008,69,Japan,Asia,Japan,Asia
Yoichiro Nambu,Physics,M,2008,87,Japan,Asia,USA,North America
Oliver E. Williamson,Economic,M,2009,78,USA,North America,USA,North America
Elinor Ostrom,Economic,F,2009,77,USA,North America,USA,North America
Barack H. Obama,Peace,M,2009,49,USA,North America,USA,North America
Herta Mmeric,Literature,F,2009,57,Romania,Europe,Germany,Europe
Elizabeth H. Blackburn,Physiology or Medicine,F,2009,62,Australia,Oceanian,USA,North America
Carol W. Greider,Physiology or Medicine,F,2009,49,USA,North America,USA,North America
Jack W. Szostak,Physiology or Medicine,M,2009,58,United Kingdom,Europe,USA,North America
Venkatraman Ramakrishnan,Chemistry,M,2009,58,India,Asia,United Kingdom,Europe
Thomas A. Steitz,Chemistry,M,2009,70,USA,North America,USA,North America
Ada E. Yonath,Chemistry,F,2009,71,Israel,Asia,Israel,Asia
Willard S. Boyle,Physics,M,2009,86,Canada,North America,USA,North America
George E. Smith,Physics,M,2009,80,USA,North America,USA,North America
Charles Kuen Kao,Physics,M,2009,77,China,Asia,China,Asia
Peter A. Diamond,Economic,M,2010,71,USA,North America,USA,North America
Dale T. Mortensen,Economic,M,2010,72,USA,North America,USA,North America
Christopher A. Pissarides,Economic,M,2010,63,Cyprus,Europe,United Kingdom,Europe
Liu Xiaobo,Peace,M,2010,56,China,Asia,China,Asia
Mario Vargas Llosa,Literature,M,2010,75,Peru,South America,Peru,South America
Robert G. Edwards,Physiology or Medicine,M,2010,86,United Kingdom,Europe,United Kingdom,Europe
Richard F. Heck,Chemistry,M,2010,80,USA,North America,Philippines,Asia
Ei-ichi Negishi,Chemistry,M,2010,76,China,Asia,USA,North America
Akira Suzuki,Chemistry,M,2010,81,Japan,Asia,Japan,Asia
Andre Geim,Physics,M,2010,53,Russia,Europe,United Kingdom,Europe
Konstantin Novoselov,Physics,M,2010,36,Russia,Europe,United Kingdom,Europe
Thomas J. Sargent,Economic,M,2011,69,USA,North America,USA,North America
Christopher A. Sims,Economic,M,2011,70,USA,North America,USA,North America
Ellen Johnson Sirleaf,Peace,F,2011,74,Liberia,Africa,Liberia,Africa
Leymah Gbowee,Peace,F,2011,40,Liberia,Africa,Liberia,Africa
Tawakkol Karman,Peace,F,2011,32,Yemen,Africa,Yemen,Africa
Tomas Transtrce P,Literature,M,2011,81,Sweden,Europe,Sweden,Europe
Ralph M. Steinman,Physiology or Medicine,M,2011,69,Canada,North America,USA,North America
Bruce A. Beutler,Physiology or Medicine,M,2011,55,USA,North America,USA,North America
Jules A. Hoffmann,Physiology or Medicine,M,2011,71,Luxembourg,Europe,France,Europe
Dan Shechtman,Chemistry,M,2011,71,Israel,Asia,Israel,Asia
Saul Perlmutter,Physics,M,2011,53,USA,North America,USA,North America
Brian P. Schmidt,Physics,M,2011,45,USA,North America,Australia,Oceanian
Adam G. Riess,Physics,M,2011,43,USA,North America,USA,North America
Alvin E. Roth,Economic,M,2012,62,USA,North America,USA,North America
Lloyd S. Shapley,Economic,M,2012,90,USA,North America,USA,North America
European Union (EU),Peace,Org,2012,61,Europe,Europe,Europe,Europe
Mo Yan,Literature,M,2012,58,China,Asia,China,Asia
Sir John B. Gurdon,Physiology or Medicine,M,2012,80,United Kingdom,Europe,United Kingdom,Europe
Shinya Yamanaka,Physiology or Medicine,M,2012,51,Japan,Asia,USA,North America
Robert J. Lefkowitz,Chemistry,M,2012,70,USA,North America,USA,North America
Brian K. Kobilka,Chemistry,M,2012,58,USA,North America,USA,North America
Serge Haroche,Physics,M,2012,69,Morocco,Africa,France,Europe
David J. Wineland,Physics,M,2012,69,USA,North America,USA,North America
Eugene F. Fama,Economic,M,2013,75,USA,North America,USA,North America
Lars Peter Hansen,Economic,M,2013,62,USA,North America,USA,North America
Robert J. Shiller,Economic,M,2013,68,USA,North America,USA,North America
Organisation for the Prohibition of Chemical Weapons,Peace,Org,2013,17,Netherlands,Europe,Netherlands,Europe
Alice Munro,Literature,F,2013,83,Canada,North America,Canada,North America
James E. Rothman,Physiology or Medicine,M,2013,64,USA,North America,USA,North America
Randy W. Schekman,Physiology or Medicine,M,2013,66,USA,North America,USA,North America
Thomas C. Scaze ,Physiology or Medicine,M,2013,59,Germany,Europe,USA,North America
Martin Karplus,Chemistry,M,2013,85,Austria,Europe,USA,North America
Michael Levitt,Chemistry,M,2013,67,South Africa,Africa,USA,North America
Arieh Warshel,Chemistry,M,2013,74,Israel,Asia,USA,North America
Franh Americaze ,Physics,M,2013,82,Belgium,Europe,Belgium,Europe
Peter W. Higgs,Physics,M,2013,85,United Kingdom,Europe,United Kingdom,Europe
Jean Tirole,Economic,M,2014,62,France,Europe,France,Europe
Kailash Satyarthi,Peace,M,2014,61,India,Asia,India,Asia
Malala Yousafzai,Peace,F,2014,18,Pakistan,Asia,United Kingdom,Europe
Patrick Modiano,Literature,M,2014,70,France,Europe,France,Europe
John Obel Pr,Physiology or Medicine,M,2014,76,USA,North America,United Kingdom,Europe
May-Britt Moser,Physiology or Medicine,F,2014,52,Norway,Europe,Norway,Europe
Edvard I. Moser,Physiology or Medicine,M,2014,53,Norway,Europe,Norway,Europe
Eric Betzig,Chemistry,M,2014,55,USA,North America,USA,North America
Stefan W. Hell,Chemistry,M,2014,53,Romania,Europe,Germany,Europe
William E. Moerner,Chemistry,M,2014,62,USA,North America,USA,North America
Isamu Akasaki,Physics,M,2014,86,Japan,Asia,Japan,Asia
Hiroshi Amano,Physics,M,2014,55,Japan,Asia,Japan,Asia
Shuji Nakamura,Physics,M,2014,61,Japan,Asia,USA,North America
Angus Deaton,Economic,M,2015,71,Scotland,Europe,USA,North America
National Dialogue Quartet,Peace,Org,2015,,,,,
Svetlana Alexievich,Literature,F,2015,68,Ukraine,Europe,Belarus,Europe
Tu Youyou,Physiology or Medicine,F,2015,86,China,Asia,China,Asia
William C. Campbell,Physiology or Medicine,M,2015,86,Ireland,Europe,USA,North America
Satoshi erica,Physiology or Medicine,M,2015,81,Japan,Asia,Japan,Asia
Tomas Lindahl,Chemistry,M,2015,78,Sweden,Europe,United Kingdom,Europe
Paul Modrich,Chemistry,M,2015,70,USA,North America,USA,North America
Aziz Sancar,Chemistry,M,2015,70,Turkey,Europe,USA,North America
Takaaki Kajita,Physics,M,2015,57,Japan,Asia,Japan,Asia
Arthur B. McDonald,Physics,M,2015,73,Canada,North America,Canada,North America
Oliver Hart,Economic,M,2016,69,United Kingdom,Europe,USA,North America
Bengt Holmstrmi,Economic,M,2016,68,Finland,Europe,USA,North America
Juan Manuel Santos,Peace,M,2016,66,Colombia,South America,Colombia,South America
Bob Dylan,Literature,M,2016,76,USA,North America,USA,North America
Yoshinori Ohsumi,Physiology or Medicine,M,2016,72,Japan,Asia,Japan,Asia
Jean-Pierre Sauvage,Chemistry,M,2016,73,France,Europe,France,Europe
Sir J. Fraser Stoddart,Chemistry,M,2016,75,United Kingdom,Europe,USA,North America
Bernard L. Feringa,Chemistry,M,2016,66,Netherlands,Europe,Netherlands,Europe
David J. Thouless,Physics,M,2016,83,United Kingdom,Europe,United Kingdom,Europe
F. Duncan M. Haldane,Physics,M,2016,66,United Kingdom,Europe,USA,North America
J. Michael Kosterlitz,Physics,M,2016,74,United Kingdom,Europe,USA,North America
Richard H. Thaler,Economic,M,2017,73,USA,North America,USA,North America
International Campaign to Abolish Nuclear Weapons,Peace,Org,2017,11,Australia,Oceanian,,
Kazuo Ishiguro,Literature,M,2017,64,Japan,Asia,Japan,Asia
Jeffrey C. Hall,Physiology or Medicine,M,2017,73,USA,North America,USA,North America
Michael Rosbash,Physiology or Medicine,M,2017,74,USA,North America,USA,North America
Michael W. Young,Physiology or Medicine,M,2017,69,USA,North America,USA,North America
Jacques Dubochet,Chemistry,M,2017,76,Switzerland,Europe,Switzerland,Europe
Joachim Frank,Chemistry,M,2017,78,Germany,Europe,USA,North America
Richard Henderson,Chemistry,M,2017,73,Scotland,Europe,United Kingdom,Europe
Rainer Weiss,Physics,M,2017,86,Germany,Europe,USA,North America
Barry C. Barish,Physics,M,2017,82,USA,North America,USA,North America
Kip S. Thorne,Physics,M,2017,78,USA,North America,USA,North America
William D. Nordhaus,Economic,M,2018,78,USA,North America,USA,North America
Paul M. Romer,Economic,M,2018,64,USA,North America,USA,North America
Denis Mukwege,Peace,M,2018,64,Congo,Africa,Congo,Africa
Nadia Murad,Peace,F,2018,26,Iraq,Asia,Iraq,Asia
Olga Tokarczuk,Literature,F,2018,57,Poland,Europe,Poland,Europe
James P. Allison,Physiology or Medicine,M,2018,71,USA,North America,USA,North America
Tasuku Honjo,Physiology or Medicine,M,2018,77,Japan,Asia,Japan,Asia
Frances H. Arnold,Chemistry,F,2018,63,USA,North America,USA,North America
George P. Smith,Chemistry,M,2018,78,USA,North America,USA,North America
Sir Gregory P. Winter,Chemistry,M,2018,68,United Kingdom,Europe,United Kingdom,Europe
Gurope Kingdo,Physics,M,2018,75,France,Europe,France,Europe
Donna Strickland,Physics,F,2018,60,Canada,North America,Canada,North America
Arthur Ashkin,Physics,M,2018,97,USA,North America,USA,North America
Abhijit Banerjee,Economic,M,2019,59,India,Asia,USA,North America
Esther Duflo,Economic,F,2019,48,France,Europe,USA,North America
Michael Kremer,Economic,M,2019,56,USA,North America,USA,North America
Abiy Ahmed Ali,Peace,M,2019,44,Ethiopian,Africa,Ethiopian,Africa
Peter Handke,Literature,M,2019,78,Austria,Europe,France,Europe
William G. Kaelin Jr,Physiology or Medicine,M,2019,63,USA,North America,USA,North America
Sir Peter J. Ratcliffe,Physiology or Medicine,M,2019,66,United Kingdom,Europe,United Kingdom,Europe
Gregg L. Semenza,Physiology or Medicine,M,2019,64,USA,North America,USA,North America
John B. Goodenough,Chemistry,M,2019,98,Germany,Europe,USA,North America
M. Stanley Whittingham,Chemistry,M,2019,79,United Kingdom,Europe,USA,North America
Akira Yoshino,Chemistry,M,2019,72,Japan,Asia,Japan,Asia
Michel Mayor,Physics,M,2019,78,Switzerland,Europe,Switzerland,Europe
Didier Queloz,Physics,M,2019,54,Switzerland,Europe,Switzerland,Europe
James Peebles,Physics,M,2019,85,Canada,North America,USA,North America
Paul R. Milgrom,Economic,M,2020,73,USA,North America,USA,North America
Robert B. Wilson,Economic,M,2020,84,USA,North America,USA,North America
World Food Programme,Peace,Org,2020,,,,,
Louise Gl Pe,Literature,F,2020,78,USA,North America,USA,North America
Harvey J. Alter,Physiology or Medicine,M,2020,86,USA,North America,USA,North America
Michael Houghton,Physiology or Medicine,M,2020,72,United Kingdom,Europe,Canada,North America
Charles M. Rice,Physiology or Medicine,M,2020,69,USA,North America,USA,North America
Emmanuelle Charpentier,Chemistry,F,2020,53,France,Europe,Germany,Europe
Jennifer A. Doudna,Chemistry,F,2020,57,USA,North America,USA,North America
Reinhard Genzel,Physics,M,2020,69,Germany,Europe,Germany,Europe
Andrea Ghez,Physics,F,2020,56,USA,North America,USA,North America
Roger Penrose,Physics,M,2020,90,United Kingdom,North America,United Kingdom,North America
